episode,meanR2C,meanSaturation
0,1.0,0.038280040217526914
1,1.0,0.04080387081593034
